MinWIO,min_ws,NumItemsets,Time(s),Memory(MB)
0.082,0.084,59,0.5446794033050537,19.89453125
