MinWIO,min_ws,NumItemsets,Time(s),Memory(MB)
0.082,0.084,59,11.979594469070435,24.98046875
